strategy,lookback,sizing,execution,cost_x,total,sharpe,sortino,maxdd,alpha,beta,trades,vix_min,first_def,win_rate
S1,10.0,voltarget,next_open,0.0,3.1564606317726502,1.3539284296218217,2.7305669638837498,-0.1575180965720686,0.22052184912034348,-0.04634875824836107,1544,,,
S1,10.0,voltarget,next_open,1.0,2.53498407258712,1.2073868299788948,2.395936011972036,-0.16323426265284946,0.19856479005457386,-0.0462392661599111,1544,,,
S1,10.0,voltarget,next_open,2.0,2.006309042703761,1.0609668605813336,2.0717871085228663,-0.16891250896893295,0.17660773098880406,-0.04612977407146132,1544,,,
S1,10.0,voltarget,mark_close,0.0,3.1706826606232266,1.3566897796018835,2.739275773183517,-0.15667300204704748,0.22092018763653587,-0.046265525870645856,1544,,,
S1,10.0,voltarget,mark_close,1.0,2.5470833396026795,1.2101878667029615,2.404176604728998,-0.16239481777657372,0.19896312857076626,-0.046156033782196064,1544,,,
S1,10.0,voltarget,mark_close,2.0,2.0166019715186954,1.0638056883048452,2.079589753571954,-0.1680786768550877,0.17700606950499626,-0.04604654169374622,1544,,,
S1,10.0,unlevered,next_open,0.0,1.6301095194233324,1.5010728213189706,3.0694359750898292,-0.07796524503244917,0.13955676663751387,0.0027445881536639002,1544,,,
S1,10.0,unlevered,next_open,1.0,1.408033093113672,1.3677757211195503,2.757784555467455,-0.08220606167633082,0.12763545850669966,0.0026564721849540785,1544,,,
S1,10.0,unlevered,next_open,2.0,1.2046859412138402,1.234444230318561,2.4543508831608376,-0.08642760355711399,0.11571415037588582,0.0025683562162442638,1544,,,
S1,10.0,unlevered,mark_close,0.0,1.6357427841908736,1.5046437074174077,3.0827762517381623,-0.07754266748811989,0.1397882871158812,0.0028674197040346413,1544,,,
S1,10.0,unlevered,mark_close,1.0,1.4131919757370617,1.3713219194861292,2.7702268552398333,-0.08178540253980537,0.12786697898506705,0.0027793037353248786,1544,,,
S1,10.0,unlevered,mark_close,2.0,1.2094103429736882,1.2379635470849863,2.4659411409716765,-0.08600885422351812,0.115945670854253,0.002691187766615029,1544,,,
S1,14.0,voltarget,next_open,0.0,3.314664898814181,1.4602742082663367,2.909272705505069,-0.1257651801851386,0.22247117871291563,-0.02901523634589142,1517,,,
S1,14.0,voltarget,next_open,1.0,2.69481677759038,1.3117063065479915,2.5708653081183077,-0.12903329107342276,0.2014468092963947,-0.028912183454607138,1517,,,
S1,14.0,voltarget,next_open,2.0,2.163899300341582,1.163231743858372,2.2431498073971956,-0.13228961553222784,0.1804224398798741,-0.028809130563322835,1517,,,
S1,14.0,voltarget,mark_close,0.0,3.324834724510457,1.462306931741078,2.916287243362612,-0.12579842540771702,0.22268514634336223,-0.028910010662570266,1517,,,
S1,14.0,voltarget,mark_close,1.0,2.703530347254196,1.3137694203145718,2.577463036901455,-0.12906637206573612,0.20166077692684153,-0.028806957771286012,1517,,,
S1,14.0,voltarget,mark_close,2.0,2.171364865087533,1.1653226869297972,2.2493546631351187,-0.13232253302105534,0.18063640751032076,-0.028703904880001716,1517,,,
S1,14.0,unlevered,next_open,0.0,1.6560161384638552,1.5141178476173616,3.033890817015856,-0.05926741142937608,0.14026554527344473,0.011595786251274495,1517,,,
S1,14.0,unlevered,next_open,1.0,1.4357520403282749,1.3836859632067997,2.7363303586279057,-0.061529971569799224,0.12856337091246656,0.011546781730782349,1517,,,
S1,14.0,unlevered,next_open,2.0,1.2337331289225881,1.2531742136494455,2.446035178193051,-0.06566100077278414,0.11686119655148855,0.011497777210290107,1517,,,
S1,14.0,unlevered,mark_close,0.0,1.6597926683139042,1.5166508959056653,3.042301433251615,-0.05928831995791073,0.14038099825142683,0.01171435126804241,1517,,,
S1,14.0,unlevered,mark_close,1.0,1.439216377954672,1.3861902251467815,2.744176395228731,-0.06111782880349048,0.12867882389044855,0.011665346747550199,1517,,,
S1,14.0,unlevered,mark_close,2.0,1.2369110518140096,1.2556479618033232,2.4533536087767533,-0.06525063068474579,0.11697664952947046,0.011616342227058013,1517,,,
S1,20.0,voltarget,next_open,0.0,2.4052090964960025,1.2396580197651974,2.3790894638996796,-0.13370394241533523,0.18992379379034083,-0.02369407890256417,1477,,,
S1,20.0,voltarget,next_open,1.0,1.9425186636841945,1.0993279320693947,2.0791568184919544,-0.13693150772037466,0.17013499037835275,-0.023508751864611342,1477,,,
S1,20.0,voltarget,next_open,2.0,1.5426154164927621,0.9591311744086639,1.787921179758461,-0.14014744103810894,0.15034618696636504,-0.023323424826658463,1477,,,
S1,20.0,voltarget,mark_close,0.0,2.412996149504449,1.242028490154344,2.387014890274542,-0.13385661055893827,0.1901470719821741,-0.023638469198182136,1477,,,
S1,20.0,voltarget,mark_close,1.0,1.9492516221146428,1.1016794893161244,2.0864863244077183,-0.13708358587929026,0.17035826857018635,-0.02345314216022928,1477,,,
S1,20.0,voltarget,mark_close,2.0,1.5484367814020858,0.9614614523436279,1.7946858297683508,-0.14039445876720658,0.15056946515819844,-0.023267815122276447,1477,,,
S1,20.0,unlevered,next_open,0.0,1.3369990510629113,1.2897646404808536,2.455637425430272,-0.08348882630187182,0.1255394150839344,0.011903917360038985,1477,,,
S1,20.0,unlevered,next_open,1.0,1.148046170915085,1.1657857248541854,2.1936207478828007,-0.08994676406239921,0.11414746895916464,0.01189326208570357,1477,,,
S1,20.0,unlevered,next_open,2.0,0.9743525932566479,1.041816672185633,1.937546712605821,-0.09635951417317301,0.10275552283439503,0.011882606811368141,1477,,,
S1,20.0,unlevered,mark_close,0.0,1.3386992927073087,1.2911710646021635,2.460745168433063,-0.08342114513851395,0.1256000231920083,0.011990825530081262,1477,,,
S1,20.0,unlevered,mark_close,1.0,1.1496096617212523,1.1671616226779669,2.198314137384248,-0.08987952832126456,0.11420807706723844,0.01198017025574586,1477,,,
S1,20.0,unlevered,mark_close,2.0,0.9757903189841353,1.0431608086995914,1.9418484133767697,-0.09629272095468044,0.10281613094246884,0.011969514981410474,1477,,,
S2,,,next_open,0.0,0.09756950065838654,0.30992466461219087,0.516893982811494,-0.12043999714288711,0.00957472186462778,0.016719919825857386,991,0.0,prev_close,0.4924318869828456
S2,,,next_open,1.0,0.03692741904363417,0.1339335654330083,0.22039560999472074,-0.13281673349983603,0.001974545294206179,0.016651799104927645,991,0.0,prev_close,0.4803229061553986
S2,,,next_open,2.0,-0.020367848551635315,-0.04227098597624302,-0.06863899541864704,-0.16080164289629384,-0.005625631276215448,0.016583678383997984,991,0.0,prev_close,0.4682139253279516
S2,,,mark_close,0.0,0.10044296600819425,0.3175928024299909,0.5303905167257255,-0.12029286827626684,0.009947566338635276,0.016790462896903446,991,0.0,prev_close,0.49041372351160445
S2,,,mark_close,1.0,0.03964219728431373,0.14188197172289405,0.2337881236480697,-0.13256945500084094,0.0023473780792971216,0.016722332495955613,991,0.0,prev_close,0.48133198789101916
S2,,,mark_close,2.0,-0.01780300370526189,-0.03404509987570052,-0.05535615885699573,-0.15976682819381016,-0.0052528101800410325,0.016654202095007797,991,0.0,prev_close,0.4651866801210898
S2,,,next_open,0.0,0.04026149648813848,0.15892088983376712,0.24378666282910322,-0.10992918787087047,0.005367869796455609,0.00129202357795779,963,0.0,open,0.48078920041536866
S2,,,next_open,1.0,-0.01545161233876946,-0.03633347499287265,-0.054961867686695684,-0.125090723007244,-0.0019937503981644618,0.0012590065008106967,963,0.0,open,0.4672897196261682
S2,,,next_open,2.0,-0.06818435295457048,-0.23170055090740957,-0.3456805069377705,-0.14316470108874468,-0.009355370592784537,0.0012259894236635932,963,0.0,open,0.4537902388369678
S2,,,mark_close,0.0,0.04019472641335198,0.15868055055758773,0.24341981201150228,-0.11040793769952617,0.005389430123643663,0.0012782044682165372,963,0.0,open,0.47767393561786087
S2,,,mark_close,1.0,-0.015514858878171167,-0.03655384060838174,-0.05529536240203869,-0.12556132123394337,-0.001972198656752213,0.0012451852555866185,963,0.0,open,0.4672897196261682
S2,,,mark_close,2.0,-0.06824426164732877,-0.23190160779577218,-0.34597902845205547,-0.14365373899058675,-0.009333827437148095,0.001212166042956702,963,0.0,open,0.4517133956386293
S2,,,next_open,0.0,0.16047158924185134,0.4944188457982645,0.8449479340917506,-0.06559723303800791,0.016211809992704607,0.016314499204022167,770,15.0,prev_close,0.4961038961038961
S2,,,next_open,1.0,0.11058071956107085,0.3548807701826044,0.5987667408570108,-0.07505729555636287,0.010304810086460725,0.01622701521055219,770,15.0,prev_close,0.4896103896103896
S2,,,next_open,2.0,0.06283165786240996,0.21508560507210125,0.3583260766606889,-0.0997365102268265,0.00439781018021678,0.01613953121708226,770,15.0,prev_close,0.4792207792207792
S2,,,mark_close,0.0,0.16327867676471808,0.501375041349852,0.8579918190201026,-0.06511341776788593,0.016544237418344168,0.016389976324669615,770,15.0,prev_close,0.4961038961038961
S2,,,mark_close,1.0,0.11326717434317657,0.36206528605652916,0.6117162415094951,-0.07457907198028846,0.010637226220892805,0.016302482607653136,770,15.0,prev_close,0.4909090909090909
S2,,,mark_close,2.0,0.06540265652840671,0.22249668059934916,0.37117651668421114,-0.09841744201205094,0.004730215023441442,0.01621498889063666,770,15.0,prev_close,0.4766233766233766
S2,,,next_open,0.0,0.08833443994101864,0.32989309144681395,0.5146345809415976,-0.058590057027666176,0.010372599121612858,0.0017313742895510118,746,15.0,open,0.48525469168900803
S2,,,next_open,1.0,0.043328568398407485,0.1744716089990929,0.2685719421942693,-0.06960141555080512,0.004690516406239872,0.0016914286993225001,746,15.0,open,0.47587131367292224
S2,,,next_open,2.0,0.00018103402563340865,0.01888169323862678,0.02868542774553051,-0.08387388005762464,-0.0009915663091331175,0.001651483109093981,746,15.0,open,0.46380697050938335
S2,,,mark_close,0.0,0.08882304485925263,0.3315102755605329,0.5172077231754538,-0.05853850896602031,0.010451462105992059,0.0017218694333052602,746,15.0,open,0.4839142091152815
S2,,,mark_close,1.0,0.043796950955753866,0.17610843830962405,0.2711169585160454,-0.06955046627855255,0.004769374050844285,0.001681921814439693,746,15.0,open,0.47587131367292224
S2,,,mark_close,2.0,0.000630029925861475,0.020537375423421135,0.031203541874535057,-0.0838538325388214,-0.000912714004303489,0.0016419741955741303,746,15.0,open,0.4624664879356568
S2,,,next_open,0.0,0.13109886403302196,0.4554773766429308,0.7894946852771534,-0.06865063930256676,0.011331928863470852,0.019802823103811783,380,20.0,prev_close,0.5026315789473684
S2,,,next_open,1.0,0.10434103341296552,0.37096392755641855,0.6357284506438151,-0.07079286797992157,0.008131503428133683,0.01968078581239184,380,20.0,prev_close,0.4921052631578947
S2,,,next_open,2.0,0.07821442892107311,0.28623716671474647,0.48503320502192804,-0.0756522824239726,0.004931077992796521,0.019558748520971912,380,20.0,prev_close,0.4842105263157895
S2,,,mark_close,0.0,0.13309683521919036,0.4608598138582853,0.8000235059314891,-0.06812346032828454,0.011565616503235423,0.019880665773799263,380,20.0,prev_close,0.5026315789473684
S2,,,mark_close,1.0,0.1062917633100322,0.37652754682179335,0.6462404214677391,-0.07026686966497209,0.008365182967506718,0.01975861878172185,380,20.0,prev_close,0.49736842105263157
S2,,,mark_close,2.0,0.08011903139912468,0.29198131655938825,0.495522931339234,-0.0741362069295779,0.005164749431778018,0.01963657178964441,380,20.0,prev_close,0.4789473684210526
S2,,,next_open,0.0,0.11989881064626906,0.5007457701508652,0.7845912222150211,-0.0435824970016373,0.01290467304579131,0.00528786208866828,354,20.0,open,0.5028248587570622
S2,,,next_open,1.0,0.09542416525513753,0.4064869871143111,0.6292211395668315,-0.0453806866613804,0.009947060923760203,0.005212727590960615,354,20.0,open,0.4971751412429379
S2,,,next_open,2.0,0.07148277650990464,0.3119751175715263,0.47717620777689096,-0.05134678459292752,0.006989448801729068,0.00513759309325295,354,20.0,open,0.4858757062146893
S2,,,mark_close,0.0,0.12019208603985909,0.5017502295958187,0.786251124926955,-0.043485443113081224,0.012944170654834773,0.005299802617523989,354,20.0,open,0.5028248587570622
S2,,,mark_close,1.0,0.09571099249695658,0.4075161066392736,0.6308860406094847,-0.04528380749878813,0.009986552383036296,0.005224666806092877,354,20.0,open,0.5
S2,,,mark_close,2.0,0.07176329693379024,0.313028705560189,0.47884442561764684,-0.05123586871976471,0.007028934111237824,0.005149530994661758,354,20.0,open,0.480225988700565
S2,,,next_open,0.0,0.12802966263625848,0.4991853273956391,0.9596431649774165,-0.03943162895620467,0.011074228061412013,0.022777322070403713,167,25.0,prev_close,0.5209580838323353
S2,,,next_open,1.0,0.11544139013092147,0.45485319562900944,0.865223310962337,-0.046364990688217644,0.009589648777556225,0.02264895272514588,167,25.0,prev_close,0.5029940119760479
S2,,,next_open,2.0,0.10299271511246921,0.41035468728617547,0.7724366820422771,-0.0538517233113871,0.008105069493700457,0.022520583379888097,167,25.0,prev_close,0.49700598802395207
S2,,,mark_close,0.0,0.12924350023262443,0.5021637173219367,0.9667568669299207,-0.0394633385222094,0.011206052599282859,0.02284899530924435,167,25.0,prev_close,0.5209580838323353
S2,,,mark_close,1.0,0.11664172358058833,0.45796320812405594,0.8724121991691313,-0.045633628519366365,0.009721470643122052,0.02272061514114036,167,25.0,prev_close,0.5089820359281437
S2,,,mark_close,2.0,0.104179693703923,0.41359662733585395,0.7796946753030691,-0.0531355247362556,0.008236888686961274,0.022592234973036366,167,25.0,prev_close,0.47904191616766467
S2,,,next_open,0.0,0.05021364072515322,0.2720183426110797,0.4428853258024662,-0.05669524493651823,0.004345281128519354,0.0076226372224931106,158,25.0,open,0.4810126582278481
S2,,,next_open,1.0,0.039512197185953335,0.21800802264361396,0.35096175996794365,-0.059775055315710146,0.0029927704089178168,0.007508860701368955,158,25.0,open,0.46835443037974683
S2,,,next_open,2.0,0.028919067840721624,0.1638590236058881,0.2608640368468147,-0.06284499503599872,0.0016402596893162725,0.007395084180244804,158,25.0,open,0.45569620253164556
S2,,,mark_close,0.0,0.049931135779453406,0.2704108217107947,0.44021810474333983,-0.056871371898563616,0.004303889174907687,0.0076318135985249305,158,25.0,open,0.4810126582278481
S2,,,mark_close,1.0,0.03923254902059137,0.21643800612140893,0.348400421564963,-0.05995062973992071,0.0029513793658878626,0.0075180341927147554,158,25.0,open,0.47468354430379744
S2,,,mark_close,2.0,0.028642247760934714,0.16232750404643803,0.25840501319495346,-0.06302001862120121,0.0015988695568680458,0.007404254786904575,158,25.0,open,0.43670886075949367
