date,n_bars,missing,open,close,rth_volume,contract,first_bar_missing,cash_day,liquid,complete,tradable,prev_close,prev_close_valid,ret_cc,vix_prev_close
2026-03-19,390,0,24211.25,24360.5,22375.0,0,False,True,False,True,False,,False,,25.09
2026-03-23,390,0,24493.25,24398.75,386712.0,1,False,True,True,True,True,,False,,26.78
2026-03-24,390,0,24254.25,24219.25,360765.0,1,False,True,True,True,True,24398.75,True,-0.0073569342691736095,26.15
2026-03-25,390,0,24430.75,24371.75,366020.0,1,False,True,True,True,True,24219.25,True,0.006296644198313217,26.95
2026-03-26,390,0,24156.25,23786.75,373867.0,1,False,True,True,True,True,24371.75,True,-0.024003200426723548,25.33
2026-03-27,390,0,23654.5,23308.75,378569.0,1,False,True,True,True,True,23786.75,True,-0.020095221078962,27.44
2026-03-30,390,0,23508.75,23135.5,373850.0,1,False,True,True,True,True,23308.75,True,-0.007432831018394426,31.05
2026-03-31,390,0,23381.75,23909.75,511369.0,1,False,True,True,True,True,23135.5,True,0.03346588575997922,30.61
2026-04-01,390,0,24087.75,24200.75,383088.0,1,False,True,True,True,True,23909.75,True,0.012170767155658346,25.25
2026-04-02,390,0,23763.5,24220.75,394407.0,1,False,True,True,True,True,24200.75,True,0.0008264206687809139,24.54
2026-04-06,390,0,24265.25,24363.75,293110.0,1,False,True,True,True,True,24220.75,True,0.00590402857054384,23.87
2026-04-07,390,0,24243.5,24369.5,409461.0,1,False,True,True,True,True,24363.75,True,0.00023600636191067892,24.17
2026-04-08,390,0,25199.5,25080.0,397177.0,1,False,True,True,True,True,24369.5,True,0.02915529657974103,25.78
2026-04-09,390,0,25081.0,25249.0,385460.0,1,False,True,True,True,True,25080.0,True,0.006738437001594821,21.04
2026-04-10,390,0,25315.25,25284.25,319083.0,1,False,True,True,True,True,25249.0,True,0.0013960948948472662,19.49
2026-04-13,390,0,25215.75,25538.25,354157.0,1,False,True,True,True,True,25284.25,True,0.010045779487230178,19.23
2026-04-14,390,0,25656.25,26000.75,353782.0,1,False,True,True,True,True,25538.25,True,0.018110089767309878,19.12
2026-04-15,390,0,26023.5,26364.25,382657.0,1,False,True,True,True,True,26000.75,True,0.013980365950982288,18.36
2026-04-16,390,0,26439.0,26484.75,460230.0,1,False,True,True,True,True,26364.25,True,0.004570583270906647,18.17
2026-04-17,390,0,26692.5,26827.25,437836.0,1,False,True,True,True,True,26484.75,True,0.012931970284786543,17.94
2026-04-20,390,0,26796.5,26745.75,348162.0,1,False,True,True,True,True,26827.25,True,-0.003037955809857551,17.48
2026-04-21,390,0,26808.0,26642.25,483552.0,1,False,True,True,True,True,26745.75,True,-0.0038697737023639656,18.87
2026-04-22,390,0,26881.0,27080.0,357169.0,1,False,True,True,True,True,26642.25,True,0.01643066933160675,19.5
2026-04-23,390,0,27014.25,26926.25,478701.0,1,False,True,True,True,True,27080.0,True,-0.005677621861152171,18.92
2026-04-24,390,0,27210.0,27434.0,371604.0,1,False,True,True,True,True,26926.25,True,0.018857063274685393,19.31
2026-04-27,390,0,27410.75,27445.0,305992.0,1,False,True,True,True,True,27434.0,True,0.000400962309542896,18.71
2026-04-28,390,0,27161.0,27169.25,411369.0,1,False,True,True,True,True,27445.0,True,-0.010047367462197143,18.02
2026-04-29,390,0,27206.75,27337.25,355893.0,1,False,True,True,True,True,27169.25,True,0.006183461081921582,17.83
2026-04-30,390,0,27491.25,27577.5,461140.0,1,False,True,True,True,True,27337.25,True,0.008788374836532498,18.81
2026-05-01,390,0,27632.75,27837.25,395019.0,1,False,True,True,True,True,27577.5,True,0.009418910343577114,16.89
2026-05-04,390,0,27854.5,27780.25,394170.0,1,False,True,True,True,True,27837.25,True,-0.002047616054028367,16.99
2026-05-05,390,0,27988.5,28135.75,321567.0,1,False,True,True,True,True,27780.25,True,0.012796861079363842,18.29
2026-05-06,390,0,28389.5,28710.25,383491.0,1,False,True,True,True,True,28135.75,True,0.02041886212381039,17.38
2026-05-07,390,0,28750.0,28684.25,519576.0,1,False,True,True,True,True,28710.25,True,-0.0009055999164061523,17.39
2026-05-08,390,0,28878.5,29339.75,390224.0,1,False,True,True,True,True,28684.25,True,0.022852262129914536,17.08
2026-05-11,390,0,29305.25,29429.25,373888.0,1,False,True,True,True,True,29339.75,True,0.003050469073526463,17.19
2026-05-12,390,0,29213.0,29174.25,533891.0,1,False,True,True,True,True,29429.25,True,-0.008664848747419684,18.38
2026-05-13,390,0,29286.5,29476.0,402031.0,1,False,True,True,True,True,29174.25,True,0.010343025099188496,17.99
2026-05-14,390,0,29476.25,29686.75,443601.0,1,False,True,True,True,True,29476.0,True,0.007149884651920235,17.87
2026-05-15,390,0,29278.0,29231.25,482567.0,1,False,True,True,True,True,29686.75,True,-0.015343545521150026,17.26
2026-05-18,390,0,29338.5,29098.75,570604.0,1,False,True,True,True,True,29231.25,True,-0.004532820183878572,18.43
2026-05-19,390,0,28850.25,28924.5,520063.0,1,False,True,True,True,True,29098.75,True,-0.005988229734954276,17.82
2026-05-20,390,0,29073.5,29396.25,425284.0,1,False,True,True,True,True,28924.5,True,0.016309702847067342,18.06
2026-05-21,390,0,29217.25,29446.25,450761.0,1,False,True,True,True,True,29396.25,True,0.0017008972232852582,17.44
2026-05-22,390,0,29580.0,29552.5,351459.0,1,False,True,True,True,True,29446.25,True,0.003608269304240741,16.76
2026-05-25,210,180,29940.5,29962.5,42324.0,1,False,False,False,False,False,,False,,
2026-05-26,390,0,29902.0,30079.75,411044.0,1,False,True,True,True,True,29552.5,True,0.01784113019203115,16.7
2026-05-27,390,0,30187.5,30047.25,466861.0,1,False,True,True,True,True,30079.75,True,-0.0010804611075557746,17.01
2026-05-28,390,0,30053.0,30306.25,384256.0,1,False,True,True,True,True,30047.25,True,0.008619757215718504,16.29
2026-05-29,390,0,30383.0,30397.5,446059.0,1,False,True,True,True,True,30306.25,True,0.003010930088678032,15.74
2026-06-01,390,0,30343.0,30571.25,398457.0,1,False,True,True,True,True,30397.5,True,0.005715930586396967,15.32
2026-06-02,390,0,30557.0,30707.25,363740.0,1,False,True,True,True,True,30571.25,True,0.004448624115795052,16.05
2026-06-03,390,0,30754.75,30635.75,454680.0,1,False,True,True,True,True,30707.25,True,-0.0023284403520341668,15.77
2026-06-04,390,0,30268.25,30485.5,458999.0,1,False,True,True,True,True,30635.75,True,-0.004904400904172435,16.06
2026-06-05,390,0,30035.75,29015.75,768866.0,1,False,True,True,True,True,30485.5,True,-0.048211444785225765,15.4
2026-06-08,390,0,29526.0,29453.0,530999.0,1,False,True,True,True,True,29015.75,True,0.015069401962727103,21.51
2026-06-09,390,0,29737.0,29115.25,885938.0,1,False,True,True,True,True,29453.0,True,-0.011467422673411831,18.92
2026-06-10,390,0,28853.0,28526.0,522328.0,1,False,True,True,True,True,29115.25,True,-0.02023853478846993,19.87
2026-06-11,390,0,28753.25,29456.75,498473.0,1,False,True,True,True,True,28526.0,True,0.032628128724672134,22.22
2026-06-12,390,0,29494.5,29648.25,295037.0,1,False,True,True,True,True,29456.75,True,0.006501056633878566,19.44
2026-06-15,390,0,30333.5,30567.5,98742.0,1,False,True,False,True,False,29648.25,True,0.031005202667948373,17.68
2026-06-16,390,0,30502.0,29991.25,55243.0,1,False,True,False,True,False,30567.5,True,-0.018851721599738247,16.2
2026-06-17,390,0,30207.75,29681.0,26211.0,1,False,True,False,True,False,29991.25,True,-0.010344683866127635,16.41
2026-06-19,210,180,30646.25,30647.0,29200.0,2,False,False,False,False,False,,False,,
2026-06-22,390,0,30822.75,30654.25,370809.0,2,False,True,True,True,True,,False,,16.4
2026-06-23,390,0,29718.25,29650.5,457351.0,2,False,True,True,True,True,30654.25,True,-0.03274423611734101,17.28
2026-06-24,390,0,29711.25,29514.0,461023.0,2,False,True,True,True,True,29650.5,True,-0.004603632316487083,19.49
2026-06-25,390,0,30153.25,29749.5,491803.0,2,False,True,True,True,True,29514.0,True,0.007979264078064707,18.63
2026-06-26,390,0,29362.5,29316.0,359221.0,2,False,True,True,True,True,29749.5,True,-0.014571673473503743,18.89
2026-06-29,390,0,29643.0,30046.25,372017.0,2,False,True,True,True,True,29316.0,True,0.02490960567608136,18.41
2026-06-30,390,0,30047.5,30513.5,333095.0,2,False,True,True,True,True,30046.25,True,0.015551025502350546,17.65
2026-07-01,390,0,30235.75,30080.75,357797.0,2,False,True,True,True,True,30513.5,True,-0.014182247202058074,16.45
2026-07-02,390,0,30076.25,29538.25,463228.0,2,False,True,True,True,True,30080.75,True,-0.01803478969108152,16.59
2026-07-03,210,180,29921.0,29901.75,23757.0,2,False,False,False,False,False,,False,,
2026-07-06,390,0,29835.75,29951.75,320428.0,2,False,True,True,True,True,29538.25,True,0.013998798168476378,16.15
2026-07-07,390,0,29593.0,29394.5,427079.0,2,False,True,True,True,True,29951.75,True,-0.018604922917692668,15.57
2026-07-08,390,0,29202.75,29457.5,356135.0,2,False,True,True,True,True,29394.5,True,0.0021432580925002664,16.13
2026-07-09,390,0,29746.75,29948.75,318468.0,2,False,True,True,True,True,29457.5,True,0.016676567936858122,16.9
2026-07-10,390,0,29834.75,30037.5,301138.0,2,False,True,True,True,True,29948.75,True,0.00296339580116034,15.84
2026-07-13,390,0,29710.0,29467.0,352630.0,2,False,True,True,True,True,30037.5,True,-0.01899292550977949,15.03
2026-07-14,390,0,29811.0,29786.0,302214.0,2,False,True,True,True,True,29467.0,True,0.0108256693928801,17.16
2026-07-15,390,0,29955.5,29701.0,386865.0,2,False,True,True,True,True,29786.0,True,-0.002853689652857039,16.5
2026-07-16,390,0,29466.0,29217.0,363912.0,2,False,True,True,True,True,29701.0,True,-0.016295747617925294,15.67
2026-07-17,390,0,28607.75,28764.25,440470.0,2,False,True,True,True,True,29217.0,True,-0.01549611527535344,16.73
2026-07-20,390,0,29045.0,28785.25,358663.0,2,False,True,True,True,True,28764.25,True,0.0007300729203785217,18.77
2026-07-21,390,0,29222.5,29310.75,314194.0,2,False,True,True,True,True,28785.25,True,0.018255877576189183,18.65
2026-07-22,390,0,29090.5,29160.5,297074.0,2,False,True,True,True,True,29310.75,True,-0.0051261056097166025,17.05
2026-07-23,390,0,28718.25,28615.0,461278.0,2,False,True,True,True,True,29160.5,True,-0.018706812297457187,16.64
2026-07-24,390,0,28540.0,28283.25,441625.0,2,False,True,True,True,True,28615.0,True,-0.011593569806045756,18.7
2026-07-27,390,0,28590.5,28192.25,457578.0,2,False,True,True,True,True,28283.25,True,-0.0032174520254921735,18.58
2026-07-28,390,0,27950.0,27918.5,477180.0,2,False,True,True,True,True,28192.25,True,-0.009710115368585348,18.67
2026-07-29,390,0,27914.5,27335.0,579744.0,2,False,True,True,True,True,27918.5,True,-0.020900119992119937,18.21
2026-07-30,390,0,27877.25,28229.0,480565.0,2,False,True,True,True,True,27335.0,True,0.032705322846168006,20.66
2026-07-31,390,0,28576.75,28402.75,496536.0,2,False,True,True,True,True,28229.0,True,0.006155017889404535,17.09
2026-08-03,390,0,28419.0,28901.25,385010.0,2,False,True,True,True,True,28402.75,True,0.017551117409405848,15.99
2026-08-04,390,0,29234.75,29877.75,440540.0,2,False,True,True,True,True,28901.25,True,0.03378746594005455,15.86
2026-08-05,390,0,29975.0,29606.75,407993.0,2,False,True,True,True,True,29877.75,True,-0.009070294784580546,16.5
2026-08-06,390,0,29335.0,29496.75,400309.0,2,False,True,True,True,True,29606.75,True,-0.003715368961469956,15.81
2026-08-07,390,0,29714.0,29833.25,379164.0,2,False,True,True,True,True,29496.75,True,0.011408036478595118,15.15
2026-08-10,390,0,29805.5,29744.0,289228.0,2,False,True,True,True,True,29833.25,True,-0.002991628468235974,14.9
2026-08-11,390,0,29839.25,29636.0,336738.0,2,False,True,True,True,True,29744.0,True,-0.0036309844002151426,15.46
2026-08-12,390,0,29991.75,29853.0,297874.0,2,False,True,True,True,True,29636.0,True,0.007322175732217495,15.28
2026-08-13,390,0,29910.25,30194.75,352890.0,2,False,True,True,True,True,29853.0,True,0.0114477606940675,14.55
2026-08-14,390,0,30241.75,30144.5,310991.0,2,False,True,True,True,True,30194.75,True,-0.0016641965904669043,14.63
2026-08-17,390,0,30219.25,30091.5,304902.0,2,False,True,True,True,True,30144.5,True,-0.001758198012904555,14.25
2026-08-18,390,0,29690.25,29585.75,409802.0,2,False,True,True,True,True,30091.5,True,-0.01680707176445173,15.19
2026-08-19,390,0,29696.0,29522.0,391356.0,2,False,True,True,True,True,29585.75,True,-0.002154753555343336,15.84
2026-08-20,390,0,29351.0,29306.5,402848.0,2,False,True,True,True,True,29522.0,True,-0.0072996409457354305,14.89
2026-08-21,390,0,29469.0,29395.75,363836.0,2,False,True,True,True,True,29306.5,True,0.0030453994847559063,16.01
2026-08-24,390,0,29235.5,29099.5,381981.0,2,False,True,True,True,True,29395.75,True,-0.01007798746417421,15.13
2026-08-25,390,0,29297.0,29270.25,346354.0,2,False,True,True,True,True,29099.5,True,0.005867798415780445,15.85
2026-08-26,390,0,29174.5,29296.75,309251.0,2,False,True,True,True,True,29270.25,True,0.0009053561209759753,15.45
2026-08-27,390,0,29524.25,29691.75,400664.0,2,False,True,True,True,True,29296.75,True,0.013482724192956486,15.21
2026-08-28,390,0,29628.5,29496.5,471113.0,2,False,True,True,True,True,29691.75,True,-0.006575900713161054,14.51
2026-08-31,390,0,29437.75,29506.5,323920.0,2,False,True,True,True,True,29496.5,True,0.00033902327394774723,14.43
2026-09-01,390,0,29111.75,29126.75,390649.0,2,False,True,True,True,True,29506.5,True,-0.012870045583176615,14.92
2026-09-02,390,0,29098.75,29190.5,304665.0,2,False,True,True,True,True,29126.75,True,0.0021887096912631687,16.34
2026-09-03,390,0,29249.5,29530.75,387923.0,2,False,True,True,True,True,29190.5,True,0.011656189513711723,15.2
2026-09-04,390,0,29588.25,29568.75,344164.0,2,False,True,True,True,True,29530.75,True,0.0012867942737655458,14.32
2026-09-07,210,180,29614.75,29603.5,24852.0,2,False,False,False,False,False,,False,,
2026-09-08,390,0,29645.0,29543.5,353979.0,2,False,True,True,True,True,29568.75,True,-0.0008539420841259249,14.53
2026-09-09,390,0,29455.25,29454.5,342257.0,2,False,True,True,True,True,29543.5,True,-0.0030125069812310112,15.72
2026-09-10,390,0,29089.5,29138.0,385638.0,2,False,True,True,True,True,29454.5,True,-0.010745386952757618,16.46
2026-09-11,390,0,29417.5,29386.75,348464.0,2,False,True,True,True,True,29138.0,True,0.008536962042693386,17.84
2026-09-14,390,0,28906.5,29151.25,204504.0,2,False,True,True,True,True,29386.75,True,-0.008013815750295583,15.84
