strategy,date,side,entry_time,entry,exit_time,exit,ret,r1,r12,vix_prev
S2,2026-03-24,-1,2026-03-24 15:30:00-04:00,24266.25,2026-03-24 16:00:00-04:00,24219.25,0.0019059393190130325,-0.007500384240995972,-0.0003501364502342952,26.15
S2,2026-03-26,-1,2026-03-26 15:30:00-04:00,23842.75,2026-03-26 16:00:00-04:00,23786.75,0.0023172662549412293,-0.00639059566916611,-0.001685316808156534,25.33
S2,2026-03-27,-1,2026-03-27 15:30:00-04:00,23331.25,2026-03-27 16:00:00-04:00,23308.75,0.0009322260916153227,-0.012948385130377216,-0.00037489288774639196,27.44
S2,2026-03-30,-1,2026-03-30 15:30:00-04:00,23037.25,2026-03-30 16:00:00-04:00,23135.5,-0.004297387926076246,-0.0002895908188984553,-0.0036331001373225424,31.05
S2,2026-03-31,1,2026-03-31 15:30:00-04:00,23882.0,2026-03-31 16:00:00-04:00,23909.75,0.0011305585796834434,0.018564543666659494,0.0011422942298422445,30.61
S2,2026-04-01,1,2026-04-01 15:30:00-04:00,24234.0,2026-04-01 16:00:00-04:00,24200.75,-0.001402987538169514,0.00882485178640513,0.0030940850200753545,25.25
S2,2026-04-08,1,2026-04-08 15:30:00-04:00,24957.5,2026-04-08 16:00:00-04:00,25080.0,0.004878293098267054,0.029186072754878056,0.0001803372306212747,25.78
S2,2026-06-11,1,2026-06-11 15:30:00-04:00,29424.25,2026-06-11 16:00:00-04:00,29456.75,0.0010790419466936286,0.013128374114842689,0.005304292120435594,22.22
S2,2026-07-30,1,2026-07-30 15:30:00-04:00,28243.75,2026-07-30 16:00:00-04:00,28229.0,-0.000548793980969241,0.029879275653923454,0.002262182518208311,20.66
