strategy,date,side,entry_time,entry,exit_time,exit,ret
S1,2026-04-14,1,2026-04-14 10:30:00-04:00,25803.75,2026-04-14 16:00:00-04:00,26000.75,0.0076492082825822165
S1,2026-04-15,1,2026-04-15 11:30:00-04:00,26191.75,2026-04-15 13:00:00-04:00,26144.25,-0.0018540934155666993
S1,2026-04-15,1,2026-04-15 14:30:00-04:00,26247.5,2026-04-15 16:00:00-04:00,26364.25,0.004457509558668127
S1,2026-04-17,1,2026-04-17 11:30:00-04:00,26842.75,2026-04-17 12:00:00-04:00,26804.75,-0.0014517186475601761
S1,2026-04-20,-1,2026-04-20 11:00:00-04:00,26638.25,2026-04-20 11:30:00-04:00,26700.25,-0.0023417237325770155
S1,2026-04-22,1,2026-04-22 10:30:00-04:00,26989.5,2026-04-22 11:00:00-04:00,26972.25,-0.0006696179457609464
S1,2026-04-22,1,2026-04-22 14:00:00-04:00,27029.75,2026-04-22 14:30:00-04:00,26999.75,-0.0011439306573416167
S1,2026-04-22,1,2026-04-22 15:30:00-04:00,27045.25,2026-04-22 16:00:00-04:00,27080.0,0.0012648338975484543
S1,2026-04-24,1,2026-04-24 11:30:00-04:00,27326.0,2026-04-24 16:00:00-04:00,27434.0,0.003941565600882028
S1,2026-04-28,-1,2026-04-28 11:30:00-04:00,27046.0,2026-04-28 12:00:00-04:00,27053.5,-0.00030374433931004013
S1,2026-04-29,1,2026-04-29 11:00:00-04:00,27303.0,2026-04-29 11:30:00-04:00,27275.25,-0.0010475341597213927
S1,2026-04-30,-1,2026-04-30 10:00:00-04:00,27247.25,2026-04-30 11:00:00-04:00,27359.25,-0.004101304960669304
S1,2026-05-01,1,2026-05-01 10:00:00-04:00,27873.5,2026-05-01 16:00:00-04:00,27837.25,-0.0013389908713392622
S1,2026-05-04,-1,2026-05-04 13:00:00-04:00,27705.25,2026-05-04 13:30:00-04:00,27793.25,-0.003186199716383349
S1,2026-05-05,1,2026-05-05 10:00:00-04:00,28085.0,2026-05-05 16:00:00-04:00,28135.75,0.001786448005430802
S1,2026-05-06,1,2026-05-06 10:00:00-04:00,28468.25,2026-05-06 10:30:00-04:00,28420.25,-0.0017171841702037726
S1,2026-05-06,1,2026-05-06 11:00:00-04:00,28537.5,2026-05-06 16:00:00-04:00,28710.25,0.006058577995385618
S1,2026-05-07,1,2026-05-07 10:30:00-04:00,28874.25,2026-05-07 11:30:00-04:00,28854.5,-0.0007130434782608696
S1,2026-05-08,1,2026-05-08 10:00:00-04:00,29106.5,2026-05-08 16:00:00-04:00,29339.75,0.008050972176532714
S1,2026-05-12,-1,2026-05-12 10:00:00-04:00,29129.0,2026-05-12 16:00:00-04:00,29174.25,-0.001574641426762058
S1,2026-05-13,1,2026-05-13 12:30:00-04:00,29436.5,2026-05-13 16:00:00-04:00,29476.0,0.0013231352329571646
S1,2026-05-14,1,2026-05-14 10:30:00-04:00,29622.25,2026-05-14 16:00:00-04:00,29686.75,0.0021627581527500954
S1,2026-05-15,-1,2026-05-15 10:00:00-04:00,29144.0,2026-05-15 10:30:00-04:00,29292.25,-0.0050891454334312455
S1,2026-05-18,-1,2026-05-18 11:00:00-04:00,29082.25,2026-05-18 16:00:00-04:00,29098.75,-0.0005879646198680914
S1,2026-05-19,-1,2026-05-19 10:30:00-04:00,28711.5,2026-05-19 11:00:00-04:00,28803.75,-0.003223542256999506
S1,2026-05-20,1,2026-05-20 10:30:00-04:00,29208.75,2026-05-20 12:30:00-04:00,29236.25,0.0009200818614889849
S1,2026-05-20,1,2026-05-20 13:30:00-04:00,29295.25,2026-05-20 16:00:00-04:00,29396.25,0.0034481572566082514
S1,2026-05-26,1,2026-05-26 10:00:00-04:00,30007.0,2026-05-26 11:30:00-04:00,29999.0,-0.0002926225670523711
S1,2026-05-27,-1,2026-05-27 10:30:00-04:00,29916.75,2026-05-27 11:30:00-04:00,29952.0,-0.0011925465838509316
S1,2026-05-28,1,2026-05-28 11:30:00-04:00,30262.5,2026-05-28 16:00:00-04:00,30306.25,0.0014308055768142947
S1,2026-05-29,1,2026-05-29 10:00:00-04:00,30518.0,2026-05-29 10:30:00-04:00,30405.25,-0.003735641641707534
S1,2026-06-01,1,2026-06-01 13:00:00-04:00,30581.25,2026-06-01 16:00:00-04:00,30571.25,-0.0003542827011172264
S1,2026-06-03,-1,2026-06-03 10:00:00-04:00,30562.0,2026-06-03 10:30:00-04:00,30722.75,-0.005251221356050691
S1,2026-06-05,-1,2026-06-05 10:00:00-04:00,29774.25,2026-06-05 16:00:00-04:00,29015.75,0.025228269645339304
S1,2026-06-08,1,2026-06-08 11:00:00-04:00,29676.5,2026-06-08 11:30:00-04:00,29630.25,-0.0015918173812910655
S1,2026-06-09,-1,2026-06-09 11:00:00-04:00,29242.0,2026-06-09 16:00:00-04:00,29115.25,0.00423714564347446
S1,2026-06-10,-1,2026-06-10 15:00:00-04:00,28608.25,2026-06-10 16:00:00-04:00,28526.0,0.002824662946660659
S1,2026-06-11,1,2026-06-11 10:00:00-04:00,28899.5,2026-06-11 11:00:00-04:00,28649.5,-0.008720753306148
S1,2026-06-11,1,2026-06-11 13:30:00-04:00,29086.75,2026-06-11 16:00:00-04:00,29456.75,0.012842026553520037
S1,2026-06-12,1,2026-06-12 11:30:00-04:00,29745.5,2026-06-12 12:00:00-04:00,29440.25,-0.010374815643594569
S1,2026-06-22,-1,2026-06-22 11:00:00-04:00,30639.75,2026-06-22 12:30:00-04:00,30589.5,0.0016059566391707423
S1,2026-06-24,1,2026-06-24 11:00:00-04:00,29891.25,2026-06-24 11:30:00-04:00,29800.75,-0.0030712272287433213
S1,2026-06-24,-1,2026-06-24 14:00:00-04:00,29389.25,2026-06-24 14:30:00-04:00,29540.0,-0.005099078631831377
S1,2026-06-24,-1,2026-06-24 15:00:00-04:00,29346.0,2026-06-24 15:30:00-04:00,29384.0,-0.0013042197820690815
S1,2026-06-25,-1,2026-06-25 10:00:00-04:00,29316.75,2026-06-25 10:30:00-04:00,29586.0,-0.008954258662001608
S1,2026-06-29,1,2026-06-29 13:30:00-04:00,30012.25,2026-06-29 16:00:00-04:00,30046.25,0.0011216813412947408
S1,2026-06-30,1,2026-06-30 10:00:00-04:00,30366.75,2026-06-30 16:00:00-04:00,30513.5,0.004858973292287212
S1,2026-07-02,-1,2026-07-02 11:00:00-04:00,29840.25,2026-07-02 16:00:00-04:00,29538.25,0.010016208802626657
S1,2026-07-07,-1,2026-07-07 10:30:00-04:00,29303.5,2026-07-07 12:00:00-04:00,29388.0,-0.002880748825735816
S1,2026-07-13,-1,2026-07-13 14:30:00-04:00,29475.0,2026-07-13 15:00:00-04:00,29493.5,-0.0006479299899023898
S1,2026-07-13,-1,2026-07-13 15:30:00-04:00,29419.75,2026-07-13 16:00:00-04:00,29467.0,-0.0016156176371592056
S1,2026-07-15,-1,2026-07-15 11:00:00-04:00,29632.0,2026-07-15 11:30:00-04:00,29640.75,-0.0003171370866785732
S1,2026-07-15,-1,2026-07-15 12:00:00-04:00,29580.25,2026-07-15 13:30:00-04:00,29604.75,-0.0008429169935404183
S1,2026-07-16,-1,2026-07-16 15:00:00-04:00,29210.0,2026-07-16 16:00:00-04:00,29217.0,-0.0002630150003393742
S1,2026-07-23,-1,2026-07-23 11:00:00-04:00,28597.25,2026-07-23 12:00:00-04:00,28588.5,0.00027856850608933345
S1,2026-07-24,-1,2026-07-24 10:00:00-04:00,28323.0,2026-07-24 11:00:00-04:00,28449.0,-0.004441135248773651
S1,2026-07-24,-1,2026-07-24 14:30:00-04:00,28337.75,2026-07-24 16:00:00-04:00,28283.25,0.0018833216538192011
S1,2026-07-27,-1,2026-07-27 10:30:00-04:00,28086.5,2026-07-27 12:30:00-04:00,28154.25,-0.0023959007362585475
S1,2026-07-27,-1,2026-07-27 13:00:00-04:00,28047.0,2026-07-27 15:00:00-04:00,28188.75,-0.00498417306447946
S1,2026-07-28,-1,2026-07-28 10:00:00-04:00,27665.5,2026-07-28 11:30:00-04:00,27965.75,-0.010769230769230769
S1,2026-07-29,-1,2026-07-29 10:00:00-04:00,27735.25,2026-07-29 14:30:00-04:00,27777.0,-0.001522506224363682
S1,2026-07-29,-1,2026-07-29 15:30:00-04:00,27711.25,2026-07-29 16:00:00-04:00,27335.0,0.013451790288201473
S1,2026-07-30,1,2026-07-30 10:00:00-04:00,28150.5,2026-07-30 11:30:00-04:00,28010.5,-0.005048919818131272
S1,2026-07-30,1,2026-07-30 12:00:00-04:00,28078.75,2026-07-30 16:00:00-04:00,28229.0,0.005362795828139433
S1,2026-08-03,1,2026-08-03 10:00:00-04:00,28623.75,2026-08-03 16:00:00-04:00,28901.25,0.009738203314683839
S1,2026-08-04,1,2026-08-04 10:00:00-04:00,29465.25,2026-08-04 16:00:00-04:00,29877.75,0.014084266155859037
S1,2026-08-13,1,2026-08-13 10:00:00-04:00,30175.75,2026-08-13 12:00:00-04:00,30117.25,-0.001980926271094357
S1,2026-08-13,1,2026-08-13 12:30:00-04:00,30186.75,2026-08-13 16:00:00-04:00,30194.75,0.00024239182220141926
S1,2026-08-24,-1,2026-08-24 10:00:00-04:00,29022.25,2026-08-24 11:30:00-04:00,29122.0,-0.003437601546065571
S1,2026-08-27,1,2026-08-27 12:30:00-04:00,29603.5,2026-08-27 14:00:00-04:00,29612.0,0.0002624960837277831
S1,2026-08-28,1,2026-08-28 11:00:00-04:00,29796.5,2026-08-28 11:30:00-04:00,29783.25,-0.0004725180147493123
S1,2026-08-28,-1,2026-08-28 12:30:00-04:00,29488.5,2026-08-28 14:00:00-04:00,29515.75,-0.0009450360294986246
S1,2026-08-28,-1,2026-08-28 14:30:00-04:00,29483.25,2026-08-28 16:00:00-04:00,29496.5,-0.0004725180147493123
S1,2026-09-03,1,2026-09-03 10:00:00-04:00,29331.75,2026-09-03 16:00:00-04:00,29530.75,0.006777893639207508
S1,2026-09-04,1,2026-09-04 10:00:00-04:00,29690.5,2026-09-04 10:30:00-04:00,29596.25,-0.0032107339906888716
